sifra,Municipality,Municipality2,District,Ballots,Empty.Ballots,Other.Invalid.Ballots,Numvoters,p00090,p00008,p02321,p00001,p02328,p00004,p01698,p01182,p02385,p00877,p02402,p02373,p00036,p00513,p02399,p01276,p02401,p02325,p02323,p01728,p02368,p00521,p01718,p01178,p01705,pNA,p02403,p02317,p02382,p02391,p02395,p02314,p01699,p01701,p00028,p02375,p00502,p00769,p02383,p02311,p00017,p01200,p02384,p01703,p02322,p00734,p01714,p02353,p02358,p02388,p01270,p02389,p02398,p01188,p01290,p02400,p02396,p02355,p02360,p02361,p02072,p02354,p02390,p02392,p02376,p00882,p02387,p01989,p01723,p02347,p02397,p02291,p02359,p01706,p02349,Entity,Election
079,ŽIVINICE,Å½IVINICE (079),KANTON 3,27915,856,1189,53921,35.78,14.9,11.87,7.03,6.63,5.55,4.95,4.65,2.46,1.41,1.16,1.12,0.82,0.66,0.52,0.09,0.09,0.08,0.07,0.06,0.03,0.03,0.02,0.01,0.01,0,0,0,0,0,0,0,0,0,0,0,0,0,0,0,0,0,0,0,0,0,0,0,0,0,0,0,0,0,0,0,0,0,0,0,0,0,0,0,0,0,0,0,0,0,0,0,0,0,0,Fed,Kantons
116,VISOKO,VISOKO (116),KANTON 4,17593,801,953,33885,29.67,13.07,1.02,6.14,2.7,1.5,10.72,11.35,0,4.63,0.22,6.66,0.58,3.17,0,0.15,0,0.2,0,0.08,0.07,0,0.04,0,0,0,6.84,0.58,0.48,0.13,0,0,0,0,0,0,0,0,0,0,0,0,0,0,0,0,0,0,0,0,0,0,0,0,0,0,0,0,0,0,0,0,0,0,0,0,0,0,0,0,0,0,0,0,0,Fed,Kantons
114,FOJNICA,FOJNICA (114),KANTON 6,5719,284,325,10132,37.14,17.57,0.1,0,0.12,2.33,4.48,8.53,0,0,0.19,1,0.12,0.56,0,0.07,0,0.16,0,0.05,0.02,0,0.02,0,0,0,0,0,20.13,0,4.6,2.73,0.09,0,0,0,0,0,0,0,0,0,0,0,0,0,0,0,0,0,0,0,0,0,0,0,0,0,0,0,0,0,0,0,0,0,0,0,0,0,0,0,0,0,0,Fed,Kantons
080,KALESIJA,KALESIJA (080),KANTON 3,14114,592,826,32576,28.95,24.14,16.95,5.44,7.19,1.38,4.44,4.02,0.05,0.54,0.98,3.37,0.72,1.13,0.42,0.06,0.01,0.05,0.06,0.08,0.01,0.01,0.01,0.01,0.01,0,0,0,0,0,0,0,0,0,0,0,0,0,0,0,0,0,0,0,0,0,0,0,0,0,0,0,0,0,0,0,0,0,0,0,0,0,0,0,0,0,0,0,0,0,0,0,0,0,0,Fed,Kantons
117,BREZA,BREZA (117),KANTON 4,6016,388,422,11357,29.27,12.97,0.96,1.96,1.26,2.73,7.6,22.21,0,1.56,0.93,5.1,0.42,4.92,0,0.33,0,0.2,0,0.1,0.08,0,0.03,0,0,0,5.5,1.25,0.47,0.15,0,0,0,0,0,0,0,0,0,0,0,0,0,0,0,0,0,0,0,0,0,0,0,0,0,0,0,0,0,0,0,0,0,0,0,0,0,0,0,0,0,0,0,0,0,Fed,Kantons
115,KISELJAK,KISELJAK (115),KANTON 6,8533,338,331,16920,24.35,7.57,0.09,0,0.05,0.91,3.82,3.27,0,0,0.25,0.94,0.14,0.54,0,0.12,0,0.13,0,0.02,0.12,0,0.01,0,0,0,0,0,50.94,0,5.64,1.05,0.04,0,0,0,0,0,0,0,0,0,0,0,0,0,0,0,0,0,0,0,0,0,0,0,0,0,0,0,0,0,0,0,0,0,0,0,0,0,0,0,0,0,0,Fed,Kantons
082,SAPNA,SAPNA (082),KANTON 3,4768,87,104,9976,15.92,3.4,57.7,0.21,0.31,18.35,2.89,0.1,0.02,0.08,0.13,0.52,0.13,0.06,0.04,0,0,0.04,0.08,0,0,0,0,0,0,0,0,0,0,0,0,0,0,0,0,0,0,0,0,0,0,0,0,0,0,0,0,0,0,0,0,0,0,0,0,0,0,0,0,0,0,0,0,0,0,0,0,0,0,0,0,0,0,0,0,Fed,Kantons
183,USORA,USORA (183),KANTON 4,1554,72,50,5672,5.47,2.38,0,0,0,0.26,0.97,0.51,0,0.32,0,0.06,0,0.19,0,0.06,0,0,0,0.13,0,0,0,0,0,0,2.12,0.06,81.6,5.86,0,0,0,0,0,0,0,0,0,0,0,0,0,0,0,0,0,0,0,0,0,0,0,0,0,0,0,0,0,0,0,0,0,0,0,0,0,0,0,0,0,0,0,0,0,Fed,Kantons
129,KREŠEVO,KREÅ EVO (129),KANTON 6,2322,126,133,4278,13.31,8.05,0.04,0,0,0.3,1.64,0.78,0,0,0.73,0.34,0.13,0.52,0,0.13,0,0.04,0,0,0,0,0,0,0,0,0,0,66.97,0,6.76,0.22,0.04,0,0,0,0,0,0,0,0,0,0,0,0,0,0,0,0,0,0,0,0,0,0,0,0,0,0,0,0,0,0,0,0,0,0,0,0,0,0,0,0,0,0,Fed,Kantons
098,KLADANJ,KLADANJ (098),KANTON 3,5668,242,281,11415,18.79,12.24,28.32,6.99,1.32,16.3,4.82,3.46,0,2.15,0.85,1.43,0.48,0.37,1.96,0.12,0,0.11,0.21,0.05,0,0,0.02,0.02,0,0,0,0,0,0,0,0,0,0,0,0,0,0,0,0,0,0,0,0,0,0,0,0,0,0,0,0,0,0,0,0,0,0,0,0,0,0,0,0,0,0,0,0,0,0,0,0,0,0,0,Fed,Kantons
001,VELIKA KLADUŠA,VELIKA KLADUÅ A (001),KANTON 1,13927,482,707,42673,18.45,3.02,0,0,0,0,2,7.35,0,1.2,0,0,0,0.26,0,0.06,0,0.04,0,0.34,0.04,0,0.01,0,0.01,0,0,0.19,0,0,0,1.56,0,46.56,11.88,6.63,0.24,0.09,0.04,0.02,0.01,0,0,0,0,0,0,0,0,0,0,0,0,0,0,0,0,0,0,0,0,0,0,0,0,0,0,0,0,0,0,0,0,0,0,Fed,Kantons
057,DRVAR,DRVAR (057),KANTON 10,3307,67,161,6377,0.03,0.39,0,0,0,0.03,0.03,0,0,0,0,0,0,0,0,0.12,0,0,0,0,59.06,0,0.03,0,0.03,0,0,0,0,0,0,0.03,0,0,0,0,10.67,3.6,0,0.3,0,19.08,5.78,0.67,0.06,0.06,0.03,0,0,0,0,0,0,0,0,0,0,0,0,0,0,0,0,0,0,0,0,0,0,0,0,0,0,0,0,Fed,Kantons
017,ODŽAK,ODÅ½AK (017),KANTON 2,5758,109,275,15738,14.64,12.99,5.97,0,0,0,6.53,7.12,0,0,0,0,0.19,0,0,0.1,0,0.12,0,0.05,2.64,0,0,0,0,0,0,0,0,0,0,0,0,0,0,0,0,0,0,0,0,0,0,0,0,0,0,0,0,0,0.07,38.33,10.14,1.01,0.09,0,0,0,0,0,0,0,0,0,0,0,0,0,0,0,0,0,0,0,0,Fed,Kantons
025,GRADAČAC,GRADAÄŒAC (025),KANTON 3,18064,571,890,35723,21.81,27.08,20.44,0.47,0.38,0.75,3.4,8.23,2.92,2.18,0.14,9.37,0.47,0.61,1.47,0.07,0.04,0.03,0.07,0.03,0.02,0,0.01,0.01,0.01,0,0,0,0,0,0,0,0,0,0,0,0,0,0,0,0,0,0,0,0,0,0,0,0,0,0,0,0,0,0,0,0,0,0,0,0,0,0,0,0,0,0,0,0,0,0,0,0,0,0,Fed,Kantons
037,DOBOJ - JUG,DOBOJ - JUG (037),KANTON 4,2174,81,85,4246,20.75,53.04,0.23,0.37,0.37,4.6,8.74,4,0,0.78,0.14,3.27,0.18,1.52,0,0.14,0,0.23,0,0.09,0,0,0.14,0,0,0,0.97,0.23,0.23,0,0,0,0,0,0,0,0,0,0,0,0,0,0,0,0,0,0,0,0,0,0,0,0,0,0,0,0,0,0,0,0,0,0,0,0,0,0,0,0,0,0,0,0,0,0,Fed,Kantons
143,PALE (FBIH),PALE (FBIH) (143),KANTON 5,422,4,22,600,46.21,14.45,0,2.37,2.13,0.71,0.24,5.21,0,1.66,0,18.96,0,0,1.18,0,0,0,0,1.18,0.24,0,0,0,0,0,0,1.18,0,0,0,0,0,0,0,0,0,0,0,0,0,0,0,0,0,0,0,0,0,0,0,0,0,0,0,4.27,0,0,0,0,0,0,0,0,0,0,0,0,0,0,0,0,0,0,0,Fed,Kantons
065,JAJCE,JAJCE (065),KANTON 6,8875,658,489,23175,32.27,10.42,0.34,0,0.09,2.39,5.31,7.75,0,0,0.34,3,0.5,0.57,0,0.11,0,0.15,0,0.01,0.33,0,0.02,0,0,0,0,0,29,0,5.93,1.42,0.06,0,0,0,0,0,0,0,0,0,0,0,0,0,0,0,0,0,0,0,0,0,0,0,0,0,0,0,0,0,0,0,0,0,0,0,0,0,0,0,0,0,0,Fed,Kantons
125,PROZOR - RAMA,PROZOR - RAMA (125),KANTON 7,5629,136,166,11171,15.33,2.9,0,1.01,0,0.14,2.82,1.85,0,0.36,0.02,0,0.04,0,0,0,0,0.02,0,0.02,0,0,0,0,1.47,0,0,0.59,32.99,0,0,1.58,0,0,0,0,0,0,0,0,0,0,0,0.04,0,0,0,0,0,0,0,0,0,0,0,0,38.75,0.05,0.04,0,0,0,0,0,0,0,0,0,0,0,0,0,0,0,0,Fed,Kantons
148,POSUŠJE,POSUÅ JE (148),KANTON 8,5897,41,200,13723,0,0.25,0,0,0,0,0,0,0,0,0,0,0,0,0,0.14,0,0.02,0,0.1,0,0,0,0,3.78,0,0,0,0,0,0,0.02,0.03,0,0,0,0.51,0,0,0,9.43,0,0,0,0,1.05,0,0,0,0,0.07,0,0,0,2.03,0,0,0,0,0,0,0,64.35,12.65,5.56,0,0,0,0,0,0,0,0,0,0,Fed,Kantons
118,ILIJAŠ,ILIJAÅ  (118),KANTON 9,10266,281,501,20684,46.65,10,0,4.47,1.36,0.51,5.76,7.48,0,3.21,0,0,2.07,0.41,0,0,0,0,0.33,0.05,0.16,0,0.03,0,0,0,0,9.53,0.65,0,0,1.32,0.17,0,0,0,0,0,0,0,0,0,0,0,0,0,0,0,0,0,0,0,0,0,0,0,0,0,0,0,1.89,0,0,0,0,1.2,1.75,0.56,0.2,0.06,0.05,0.05,0.05,0.02,0.01,Fed,Kantons
002,CAZIN,CAZIN (002),KANTON 1,22173,490,973,52951,30.26,5.35,0,0,0,0,8.19,1.31,0,1.72,0,0,0,0.21,0,0.07,0,0.05,0,0.04,0,0,0,0,0,0,0,0.5,0,0,0,2.37,0,2.66,0.55,46.49,0.15,0.01,0.04,0,0,0,0,0,0,0,0,0,0,0,0,0,0,0,0,0,0,0,0,0,0,0,0,0,0,0,0,0,0,0,0,0,0,0,0,Fed,Kantons
084,BOSANSKO GRAHOVO,BOSANSKO GRAHOVO (084),KANTON 10,874,16,47,2580,0,4,0,0,0,0,0.11,0,0,0,0,0,0,0,0,0,0,0,0,0,26.2,0,0,0,0,0,0,0,0,0,0,0,0,0,0,0,3.43,0.8,0,0.23,0.11,47.71,15.9,0.23,0.92,0,0,0,0,0.23,0.11,0,0,0,0,0,0,0,0,0,0,0,0,0,0,0,0,0,0,0,0,0,0,0,0,Fed,Kantons
020,DOMALJEVAC - ŠAMAC,DOMALJEVAC - Å AMAC (020),KANTON 2,1126,61,93,3178,0,0.09,0.44,0,0,0,0,0.36,0,0,0,0,0,0,0,0,0,0.09,0,0.09,0.27,0,0,0,0,0,0,0,0,0,0,0,0,0,0,0,0,0,0,0,0,0,0,0,0,0,0,0,0,0,0.09,49.64,30.99,17.76,0.18,0,0,0,0,0,0,0,0,0,0,0,0,0,0,0,0,0,0,0,0,Fed,Kantons
036,DOBOJ - ISTOK,DOBOJ - ISTOK (036),KANTON 3,5517,204,206,9768,35.13,32.81,14.9,2.05,0.42,3.05,4.02,2.86,0.02,1.27,0.27,1.5,0.56,0.22,0.62,0.09,0,0.07,0.07,0.05,0,0,0,0,0.02,0,0,0,0,0,0,0,0,0,0,0,0,0,0,0,0,0,0,0,0,0,0,0,0,0,0,0,0,0,0,0,0,0,0,0,0,0,0,0,0,0,0,0,0,0,0,0,0,0,0,Fed,Kantons
039,TEŠANJ,TEÅ ANJ (039),KANTON 4,18465,592,966,39489,30.7,29.41,0.68,2.08,0.45,8.82,7.39,4.71,0,0.99,0.28,5.96,0.31,3.12,0,0.1,0,0.12,0,0.06,0.01,0,0.2,0,0,0,2.82,0.26,1.35,0.16,0,0,0,0,0,0,0,0,0,0,0,0,0,0,0,0,0,0,0,0,0,0,0,0,0,0,0,0,0,0,0,0,0,0,0,0,0,0,0,0,0,0,0,0,0,Fed,Kantons
165,FOČA (FBIH),FOÄŒA (FBIH) (165),KANTON 5,1076,15,33,1571,26.12,3.16,0,1.21,14.03,1.67,5.3,14.96,0,1.39,0,0.56,0,0,13.1,0,0,0.09,0,5.39,1.58,0,0.09,0,0,0,0,0.56,0,0,0,0,0,0,0,0,0,0,0,0,0,0,0,0,0,0,0,0,0,0,0,0,0,0,0,10.78,0,0,0,0,0,0,0,0,0,0,0,0,0,0,0,0,0,0,0,Fed,Kantons
067,DOBRETIĆI,DOBRETIÄ†I (067),KANTON 6,487,9,12,1502,0,0.21,0,0,0,0,0,0,0,0,0,0,0,0.41,0,0,0,0,0,0,0,0,0,0,0,0,0,0,89.73,0,9.65,0,0,0,0,0,0,0,0,0,0,0,0,0,0,0,0,0,0,0,0,0,0,0,0,0,0,0,0,0,0,0,0,0,0,0,0,0,0,0,0,0,0,0,0,Fed,Kantons
126,JABLANICA,JABLANICA (126),KANTON 7,5522,198,193,8875,40,28.99,0,1.47,0.02,2.5,6.16,12.93,0,0.92,0.07,0,0.29,0,0,0.18,0,0.07,0,0.05,0.11,0,0.02,0,0.18,0,0,0.29,3.26,0,0,1.41,0,0,0,0,0,0,0,0,0,0,0,0.04,0,0,0,0,0,0,0,0,0,0,0,0,0.53,0.07,0.04,0,0.33,0.07,0,0,0,0,0,0,0,0,0,0,0,0,0,Fed,Kantons
149,GRUDE,GRUDE (149),KANTON 8,6343,105,179,13055,0,0.98,0,0,0.05,0,0,0,0,0,0,0,0,0,0,0.03,0,0.06,0,0.02,0,0,0,0,9.74,0,0,0,0,0,0,0.02,0.02,0,0.08,0,1.43,0,0,0,2.76,0,0,0,0,1.23,0,0,0,0,0.16,0,0,0,2.29,0,0,0,0,0,0,0,72.41,5.47,3.25,0.02,0,0,0,0,0,0,0,0,0,Fed,Kantons
130,HADŽIĆI,HADÅ½IÄ†I (130),KANTON 9,12204,566,573,22199,34.46,10,0,4.94,1.43,5.61,5.38,7.82,0,3.64,0,0,3.36,0.37,0,0,0,0,0.34,0.02,0.04,0,0.04,0,0,0,0,12.3,0.28,0,0,4.43,0.38,0,0,0,0,0,0,0,0,0,0,0,0,0,0,0,0,0,0,0,0,0,0,0,0,0,0,0,2.12,0,0,0,0,1.6,0.35,0.65,0.17,0.05,0.02,0.11,0.08,0,0.02,Fed,Kantons
003,BIHAĆ,BIHAÄ† (003),KANTON 1,21027,891,1670,56974,26.27,12.6,0,0,0,0,7.34,8.96,0,7.45,0,0,0,0.88,0,0.19,0,0.19,0,0.05,0.16,0,0.03,0,0.44,0,0,3.99,0,0,0,3.59,0,0.19,0.25,24.99,0.4,0.41,1.5,0.02,0.1,0,0,0,0,0,0,0,0,0,0,0,0,0,0,0,0,0,0,0,0,0,0,0,0,0,0,0,0,0,0,0,0,0,0,Fed,Kantons
085,GLAMOČ,GLAMOÄŒ (085),KANTON 10,1592,84,95,3887,18.53,4.84,0,0,0,0.19,5.34,0,0,0,0,0,0,0,0,0.19,0,0.13,0,0.06,35.24,0,0.06,0,0.13,0,0,0,0,0,0,0,0,0,0,0,3.2,2.83,0,0.19,0,4.71,14.07,6.72,2.51,0.38,0,0,0.06,0.57,0.06,0,0,0,0,0,0,0,0,0,0,0,0,0,0,0,0,0,0,0,0,0,0,0,0,Fed,Kantons
022,ORAŠJE,ORAÅ JE (022),KANTON 2,7193,188,359,16257,9.41,0.88,2.03,0,0,0,0.83,2.82,0,0,0,0,0.07,0,0,0.13,0,0.04,0,0.07,0.42,0,0,0,0,0,0,0,0,0,0,0,0,0,0,0,0,0,0,0,0,0,0,0,0,0,0,0,0,0,0.15,61.05,12.14,9.62,0.35,0,0,0,0,0,0,0,0,0,0,0,0,0,0,0,0,0,0,0,0,Fed,Kantons
044,GRAČANICA,GRAÄŒANICA (044),KANTON 3,20928,900,897,41697,22.1,31.47,10.56,3.24,0.71,4.59,7.32,4.64,0.04,8.66,0.44,1.31,2.01,0.43,1.83,0.28,0.01,0.14,0.11,0.06,0.01,0.01,0,0,0,0,0,0,0,0,0,0,0,0,0,0,0,0,0,0,0,0,0,0,0,0,0,0,0,0,0,0,0,0,0,0,0,0,0,0,0,0,0,0,0,0,0,0,0,0,0,0,0,0,0,Fed,Kantons
042,MAGLAJ,MAGLAJ (042),KANTON 4,9435,426,410,20006,31.35,44.06,0.65,0.46,0.25,2.24,5.67,4.01,0,0.74,0.29,2.06,0.23,1.92,0,0.06,0,0.08,0,0.06,0.29,0,0.03,0,0,0,1.12,0.13,4.13,0.17,0,0,0,0,0,0,0,0,0,0,0,0,0,0,0,0,0,0,0,0,0,0,0,0,0,0,0,0,0,0,0,0,0,0,0,0,0,0,0,0,0,0,0,0,0,Fed,Kantons
167,GORAŽDE,GORAÅ½DE (167),KANTON 5,13141,263,398,20761,17.98,6.7,0,1.92,13.19,9.8,6.28,8.47,0,4.98,0,3.62,0.05,0,4.63,0,0,0.03,0,13.82,0.31,0,0.12,0,0,0,0,2.89,0,0,0,0,0,0,0,0,0,0,0,0,0,0,0,0,0,0,0,0,0,0,0,0,0,0,0,5.21,0,0,0,0,0,0,0,0,0,0,0,0,0,0,0,0,0,0,0,Fed,Kantons
089,DONJI VAKUF,DONJI VAKUF (089),KANTON 6,6617,340,331,12344,32.13,23.2,0.65,0,0.12,2.84,8.83,17.46,0,0,0.59,1.75,0.42,1.01,0,0.15,0,0.11,0,0,0.03,0,0.03,0,0,0,0,0,0.15,0,0.06,10.44,0.03,0,0,0,0,0,0,0,0,0,0,0,0,0,0,0,0,0,0,0,0,0,0,0,0,0,0,0,0,0,0,0,0,0,0,0,0,0,0,0,0,0,0,Fed,Kantons
127,KONJIC,KONJIC (127),KANTON 7,12892,464,637,21877,42.04,22.05,0,4.42,0.02,7.11,2.41,12.04,0,1.48,0.06,0,0.25,0,0,0.11,0,0.07,0,0.07,0.2,0,0.01,0,0.05,0,0,0.21,2.34,0,0,4.3,0,0,0,0,0,0,0,0,0,0,0,0.02,0,0,0,0,0,0,0,0,0,0,0,0,0.36,0.05,0.01,0.02,0.25,0.05,0,0,0,0,0,0,0,0,0,0,0,0,0,Fed,Kantons
150,ŠIROKI BRIJEG,Å IROKI BRIJEG (150),KANTON 8,12193,89,535,23231,0,0.02,0,0,0.02,0,0,0,0,0,0,0,0,0,0,0.02,0,0.07,0,0.03,0,0,0,0,17.08,0,0,0,0,0,0,0,0.03,0,0.04,0,1.26,0,0,0,2.9,0,0,0,0,1.49,0,0,0,0,0,0,0,0,3.21,0,0,0,0,0,0,0,56.44,8.02,9.36,0.01,0,0,0,0,0,0,0,0,0,Fed,Kantons
131,ILIDŽA,ILIDÅ½A (131),KANTON 9,31477,841,1386,63578,28.1,9.58,0,2.19,2.4,1.42,5.88,9.78,0,8.08,0,0,2.88,0.4,0,0,0,0,0.3,0.04,0.25,0,0.04,0,0,0,0,18.26,1.57,0,0,1.76,1.47,0,0,0,0,0,0,0,0,0,0,0,0,0,0,0,0,0,0,0,0,0,0,0,0,0,0,0,1.48,0,0,0,0,1.29,0.63,1.36,0.35,0.08,0.07,0.17,0.1,0.02,0.02,Fed,Kantons
004,BOSANSKA KRUPA,BOSANSKA KRUPA (004),KANTON 1,9194,307,627,25526,30.12,19.15,0,0,0,0,15.83,7.25,0,7.02,0,0,0,0.4,0,0.12,0,0.05,0,0.01,0.1,0,0.01,0,0,0,0,0.46,0,0,0,2.63,0,0.11,0.12,16.21,0.2,0.02,0.08,0.11,0.01,0,0,0,0,0,0,0,0,0,0,0,0,0,0,0,0,0,0,0,0,0,0,0,0,0,0,0,0,0,0,0,0,0,0,Fed,Kantons
106,LIVNO,LIVNO (106),KANTON 10,9643,246,375,26302,10.97,4.22,0,0,0.02,0.37,2.93,0,0,0,0,0,0,0,0,0.1,0,0.04,0,0.05,0.49,0,0.01,0,4.71,0,0,0,0,0,0,0.07,0,0,0,0,2.96,23.99,0,0.01,0.13,0.02,26.95,5.93,9.14,2.77,0.09,0.05,0.03,3.92,0.01,0,0,0,0,0,0,0,0,0,0,0,0,0,0,0,0,0,0,0,0,0,0,0,0,Fed,Kantons
047,LUKAVAC,LUKAVAC (047),KANTON 3,20409,874,888,42177,20.71,35.93,13.45,1,0.89,3.24,8.77,6.37,1.08,2.63,0.27,1.68,0.9,0.66,1.56,0.19,0.08,0.13,0.22,0.04,0.13,0.04,0,0.01,0.02,0,0,0,0,0,0,0,0,0,0,0,0,0,0,0,0,0,0,0,0,0,0,0,0,0,0,0,0,0,0,0,0,0,0,0,0,0,0,0,0,0,0,0,0,0,0,0,0,0,0,Fed,Kantons
075,ŽEPČE,Å½EPÄŒE (075),KANTON 4,11262,302,373,23652,26.35,8.15,0.59,0.17,0.23,0.47,1.6,1.53,0,0.65,0.02,1.69,0.12,0.59,0,0.04,0,0.04,0,0.03,0.08,0,0.01,0,0,0,7.08,0.07,49.25,1.28,0,0,0,0,0,0,0,0,0,0,0,0,0,0,0,0,0,0,0,0,0,0,0,0,0,0,0,0,0,0,0,0,0,0,0,0,0,0,0,0,0,0,0,0,0,Fed,Kantons
091,TRAVNIK,TRAVNIK (091),KANTON 6,23758,497,1033,46593,38.64,14.06,1.32,0,0.05,5.68,4.32,7.68,0,0,0.15,1.01,0.32,0.9,0,0.09,0,0.17,0,0.02,0.04,0,0.03,0,0,0,0,0,18.57,0,4.56,2.29,0.11,0,0,0,0,0,0,0,0,0,0,0,0,0,0,0,0,0,0,0,0,0,0,0,0,0,0,0,0,0,0,0,0,0,0,0,0,0,0,0,0,0,0,Fed,Kantons
172,ČITLUK,ÄŒITLUK (172),KANTON 7,6659,148,150,13578,0.05,0.12,0,0,0,0.02,0.05,0.11,0,0.08,0.03,0,0.03,0,0,0.03,0,0.02,0,0.02,0.02,0,0,0,2.84,0,0,0.02,80.76,0,0,0.02,0,0,0,0,0,0,0,0,0,0,0,0.06,0,0,0,0,0,0,0,0,0,0,0,0,15.69,0.02,0.03,0,0,0.03,0,0,0,0,0,0,0,0,0,0,0,0,0,Fed,Kantons
171,LJUBUŠKI,LJUBUÅ KI (171),KANTON 8,10727,132,307,21562,0,0.5,0,0,0.06,0,0,0,0,0,0,0,0,0,0,0.14,0,0.08,0,0.06,0,0,0,0,2.29,0,0,0,0,0,0,0.04,0.07,0,0.01,0,0.68,0,0,0,0.77,0,0,0,0,4.99,0,0,0,0,0.05,0,0,0,0.47,0,0,0,0,0,0,0,72.15,16.39,1.2,0.06,0,0,0,0,0,0,0,0,0,Fed,Kantons
133,NOVI GRAD SARAJEVO,NOVI GRAD SARAJEVO (133),KANTON 9,58225,1435,2911,112479,27.2,9.34,0,2.04,3.45,1.05,5.87,9.81,0,12.69,0,0,6,0.52,0,0,0,0,0.35,0.01,0.26,0,0.07,0,0,0,0,11.66,0.95,0,0,1.3,0.38,0,0,0,0,0,0,0,0,0,0,0,0,0,0,0,0,0,0,0,0,0,0,0,0,0,0,0,1.33,0,0,0,0,1.09,0.6,2.2,1.35,0.09,0.09,0.13,0.09,0.06,0.02,Fed,Kantons
005,BUŽIM,BUÅ½IM (005),KANTON 1,6619,254,373,14954,26.53,3.91,0,0,0,0,2.6,14.32,0,0.82,0,0,0,0.11,0,0.08,0,0,0,0,0,0,0,0,0,0,0,0.18,0,0,0,17.87,0,0.33,0.12,33.01,0.09,0.03,0,0,0,0,0,0,0,0,0,0,0,0,0,0,0,0,0,0,0,0,0,0,0,0,0,0,0,0,0,0,0,0,0,0,0,0,0,Fed,Kantons
107,KUPRES,KUPRES (107),KANTON 10,1528,53,51,3490,1.37,0.46,0,0,0.07,0.85,0.33,0,0,0,0,0,0,0,0,0,0,0.07,0,0,3.4,0,0,0,0.92,0,0,0,0,0,0,0.07,0,0,0,0,0.2,16.69,0,0.07,0.39,0.2,55.82,17.15,1.57,0.2,0,0,0,0.2,0,0,0,0,0,0,0,0,0,0,0,0,0,0,0,0,0,0,0,0,0,0,0,0,0,Fed,Kantons
049,SREBRENIK,SREBRENIK (049),KANTON 3,17560,944,822,38453,24.04,19.01,16.55,2.57,9.44,1.99,8.47,5.78,2.62,1.39,1.01,2.12,0.97,0.88,2.63,0.11,0.06,0.09,0.15,0.05,0.01,0.02,0,0.01,0.02,0,0,0,0,0,0,0,0,0,0,0,0,0,0,0,0,0,0,0,0,0,0,0,0,0,0,0,0,0,0,0,0,0,0,0,0,0,0,0,0,0,0,0,0,0,0,0,0,0,0,Fed,Kantons
077,ZAVIDOVIĆI,ZAVIDOVIÄ†I (077),KANTON 4,15069,413,732,33658,28.44,25.72,2.37,1.02,0.34,12.03,6.92,5.28,0,0.92,0.14,6.93,0.58,3.08,0,0.09,0,0.1,0,0.04,0.05,0,0.01,0,0,0,3.72,0.17,1.96,0.11,0,0,0,0,0,0,0,0,0,0,0,0,0,0,0,0,0,0,0,0,0,0,0,0,0,0,0,0,0,0,0,0,0,0,0,0,0,0,0,0,0,0,0,0,0,Fed,Kantons
109,BUGOJNO,BUGOJNO (109),KANTON 6,14338,599,532,29297,38.09,25.13,2.22,0,0.14,1.65,6.22,8.03,0,0,0.38,1.1,0.5,0.76,0,0.06,0,0.16,0,0.05,0.08,0,0.03,0,0,0,0,0,9.58,0,0.91,4.85,0.04,0,0,0,0,0,0,0,0,0,0,0,0,0,0,0,0,0,0,0,0,0,0,0,0,0,0,0,0,0,0,0,0,0,0,0,0,0,0,0,0,0,0,Fed,Kantons
173,ČAPLJINA,ÄŒAPLJINA (173),KANTON 7,10396,220,393,21639,9.47,3.93,0,0.12,0.02,0.58,1.24,2.28,0,1.08,0.03,0,0.06,0,0,0.07,0,0.02,0,0.04,1.55,0,0.01,0,5.05,0,0,0.06,66.88,0,0,0.52,0,0,0,0,0,0,0,0,0,0,0,0.09,0,0,0,0,0,0,0,0,0,0,0,0,6.49,0.07,0.12,0.02,0.18,0.04,0,0,0,0,0,0,0,0,0,0,0,0,0,Fed,Kantons
135,VOGOŠĆA,VOGOÅ Ä†A (135),KANTON 9,14083,522,658,26417,30.79,10.81,0,2.2,3.02,0.85,10.84,8.52,0,6.3,0,0,3.27,0.33,0,0,0,0,0.49,0.01,0.3,0,0.04,0,0,0,0,14.08,0.28,0,0,1.63,0.36,0,0,0,0,0,0,0,0,0,0,0,0,0,0,0,0,0,0,0,0,0,0,0,0,0,0,0,1.51,0,0,0,0,1.62,0.83,0.83,0.31,0.09,0.04,0.51,0.09,0.03,0.02,Fed,Kantons
030,BOSANSKI PETROVAC,BOSANSKI PETROVAC (030),KANTON 1,2210,151,207,6537,34.21,7.96,0,0,0,0,5.93,7.24,0,3.89,0,0,0,0.54,0,0.14,0,0,0,0.09,20.14,0,0.09,0,0,0,0,0.36,0,0,0,1.18,0,0.09,4.07,12.58,0.5,0.14,0.09,0.72,0.05,0,0,0,0,0,0,0,0,0,0,0,0,0,0,0,0,0,0,0,0,0,0,0,0,0,0,0,0,0,0,0,0,0,0,Fed,Kantons
124,TOMISLAVGRAD,TOMISLAVGRAD (124),KANTON 10,7519,200,190,17947,5.48,3.21,0,0,0,0.19,0.37,0,0,0,0,0,0,0,0,0.04,0,0.04,0,0,0,0,0,0,6.45,0,0,0,0,0,0,0.01,0,0,0,0,4.58,9.47,0,0,0.25,0,42.59,23.15,0.55,1.68,0.07,0.05,0.01,1.8,0.03,0,0,0,0,0,0,0,0,0,0,0,0,0,0,0,0,0,0,0,0,0,0,0,0,Fed,Kantons
050,TUZLA,TUZLA (050),KANTON 3,49076,1655,2086,111743,11.95,29.14,10.47,1.43,1.38,3.04,10.77,8.31,4.89,10.22,0.52,1.31,2.63,1.4,1.45,0.19,0.28,0.1,0.18,0.06,0.13,0.07,0.01,0.02,0.04,0,0,0,0,0,0,0,0,0,0,0,0,0,0,0,0,0,0,0,0,0,0,0,0,0,0,0,0,0,0,0,0,0,0,0,0,0,0,0,0,0,0,0,0,0,0,0,0,0,0,Fed,Kantons
093,ZENICA,ZENICA (093),KANTON 4,50397,1324,2371,101202,25.71,9.11,0.63,1.93,1.22,0.95,6.1,7.19,0,5.4,0.17,4.57,0.44,2.93,0,0.14,0,0.18,0,0.07,0.13,0,0.02,0,0,0,29.56,0.42,1.99,1.16,0,0,0,0,0,0,0,0,0,0,0,0,0,0,0,0,0,0,0,0,0,0,0,0,0,0,0,0,0,0,0,0,0,0,0,0,0,0,0,0,0,0,0,0,0,Fed,Kantons
110,GORNJI VAKUF - USKOPLJE,GORNJI VAKUF - USKOPLJE (110),KANTON 6,9102,290,242,15540,39.97,16.41,0.16,0,0.1,0.52,3.16,3.49,0,0,0.04,0.55,0.16,0.33,0,0.07,0,0.03,0,0.02,0.01,0,0.01,0,0,0,0,0,30.45,0,1.14,3.33,0.02,0,0,0,0,0,0,0,0,0,0,0,0,0,0,0,0,0,0,0,0,0,0,0,0,0,0,0,0,0,0,0,0,0,0,0,0,0,0,0,0,0,0,Fed,Kantons
174,NEUM,NEUM (174),KANTON 7,1476,36,40,3731,0.2,1.02,0,0,0,0,1.63,0.2,0,0.27,0.14,0,0,0,0,0,0,0.07,0,0.07,0.07,0,0,0,1.49,0,0,0,66.94,0,0,0,0,0,0,0,0,0,0,0,0,0,0,0.07,0,0,0,0,0,0,0,0,0,0,0,0,27.57,0,0.2,0,0,0.07,0,0,0,0,0,0,0,0,0,0,0,0,0,Fed,Kantons
136,CENTAR SARAJEVO,CENTAR SARAJEVO (136),KANTON 9,30961,627,1018,59547,15.43,11.8,0,1.4,4.84,0.93,5.37,9.89,0,21.29,0,0,2.21,1.09,0,0,0,0,0.34,0.03,0.31,0,0.03,0,0,0,0,15.86,1.14,0,0,1.5,0.25,0,0,0,0,0,0,0,0,0,0,0,0,0,0,0,0,0,0,0,0,0,0,0,0,0,0,0,2.43,0,0,0,0,0.9,1.09,0.92,0.25,0.05,0.22,0.22,0.17,0.02,0.03,Fed,Kantons
032,SANSKI MOST,SANSKI MOST (032),KANTON 1,9604,400,530,34131,35.68,17.33,0,0,0,0,7.94,14.71,0,5.04,0,0,0,0.52,0,0.11,0,0.14,0,0.02,1.22,0,0.04,0,0.01,0,0,2.07,0,0,0,9.31,0,0.17,0.25,4.68,0.4,0.06,0.17,0.09,0.04,0,0,0,0,0,0,0,0,0,0,0,0,0,0,0,0,0,0,0,0,0,0,0,0,0,0,0,0,0,0,0,0,0,0,Fed,Kantons
052,ČELIĆ,ÄŒELIÄ† (052),KANTON 3,4842,183,253,9742,45.81,4.13,7.13,0.7,0.27,20.05,6.69,2.23,9.46,0.56,0.06,1.24,0.48,0.58,0.37,0.06,0,0.04,0.06,0.02,0,0.04,0,0,0.02,0,0,0,0,0,0,0,0,0,0,0,0,0,0,0,0,0,0,0,0,0,0,0,0,0,0,0,0,0,0,0,0,0,0,0,0,0,0,0,0,0,0,0,0,0,0,0,0,0,0,Fed,Kantons
094,KAKANJ,KAKANJ (094),KANTON 4,17692,790,896,33857,31.57,11.17,3.63,1.9,5.37,8.41,8.31,12.49,0,4.34,0.14,2.09,0.4,1.85,0,0.2,0,0.11,0,0.06,0.06,0,0.02,0,0,0,3.76,0.2,3.53,0.36,0,0,0,0,0,0,0,0,0,0,0,0,0,0,0,0,0,0,0,0,0,0,0,0,0,0,0,0,0,0,0,0,0,0,0,0,0,0,0,0,0,0,0,0,0,Fed,Kantons
111,NOVI TRAVNIK,NOVI TRAVNIK (111),KANTON 6,10505,334,485,20326,26.54,14.37,0.5,0,0.09,3.62,4.57,5.33,0,0,0.15,0.5,0.18,0.78,0,0.11,0,0.08,0,0.02,0.14,0,0,0,0,0,0,0,33.2,0,5.91,3.89,0.02,0,0,0,0,0,0,0,0,0,0,0,0,0,0,0,0,0,0,0,0,0,0,0,0,0,0,0,0,0,0,0,0,0,0,0,0,0,0,0,0,0,0,Fed,Kantons
176,STOLAC,STOLAC (176),KANTON 7,6700,193,166,9702,23.15,9.55,0,0.61,0.06,0.4,1.27,6.09,0,0.64,0,0,0.07,0,0,0.07,0,0.01,0,0,0.82,0,0.01,0,0.49,0,0,0.15,52.87,0,0,0.37,0,0,0,0,0,0,0,0,0,0,0,0.01,0,0,0,0,0,0,0,0,0,0,0,0,2.99,0,0.18,0,0.15,0.01,0,0,0,0,0,0,0,0,0,0,0,0,0,Fed,Kantons
137,STARI GRAD SARAJEVO,STARI GRAD SARAJEVO (137),KANTON 9,20014,433,902,36865,16.22,9.3,0,1.68,19.25,0.71,5.25,8.41,0,11.96,0,0,3.49,0.63,0,0,0,0,0.23,0.03,0.06,0,0.03,0,0,0,0,12.95,0.39,0,0,1.12,0.25,0,0,0,0,0,0,0,0,0,0,0,0,0,0,0,0,0,0,0,0,0,0,0,0,0,0,0,2.29,0,0,0,0,1.12,2.77,0.97,0.26,0.07,0.04,0.3,0.13,0.03,0.03,Fed,Kantons
059,KLJUČ,KLJUÄŒ (059),KANTON 1,4762,256,274,15964,39.71,31.9,0,0,0,0,6.89,7.64,0,1.22,0,0,0,0.63,0,0.08,0,0.13,0,0.06,0.04,0,0.06,0,0.06,0,0,0.5,0,0,0,1.36,0,0.17,0.25,8.74,0.44,0.02,0.06,0.02,0,0,0,0,0,0,0,0,0,0,0,0,0,0,0,0,0,0,0,0,0,0,0,0,0,0,0,0,0,0,0,0,0,0,0,Fed,Kantons
055,TEOČAK,TEOÄŒAK (055),KANTON 3,2924,65,83,6648,62.21,5.64,21.89,0.41,0.07,1.68,1.92,1.68,0.07,0.48,0.14,1.2,0.44,0.82,1.13,0.07,0,0.1,0.07,0,0,0,0,0,0,0,0,0,0,0,0,0,0,0,0,0,0,0,0,0,0,0,0,0,0,0,0,0,0,0,0,0,0,0,0,0,0,0,0,0,0,0,0,0,0,0,0,0,0,0,0,0,0,0,0,Fed,Kantons
095,VAREŠ,VAREÅ  (095),KANTON 4,3814,210,276,8518,20.32,9.2,0.29,1.15,0.79,0.73,7.03,24.15,0,5.37,0.26,3.07,0.29,2.52,0,0.16,0,0.05,0,0.13,0.26,0,0.03,0,0,0,4.98,0.5,17.36,1.36,0,0,0,0,0,0,0,0,0,0,0,0,0,0,0,0,0,0,0,0,0,0,0,0,0,0,0,0,0,0,0,0,0,0,0,0,0,0,0,0,0,0,0,0,0,Fed,Kantons
112,VITEZ,VITEZ (112),KANTON 6,11037,365,742,22328,26.74,7.58,0.22,0,0.1,1.07,5.36,5.74,0,0,0.23,0.92,0.23,0.51,0,0.08,0,0.13,0,0.05,0.11,0,0.03,0,0,0,0,0,42.79,0,6.21,1.88,0.05,0,0,0,0,0,0,0,0,0,0,0,0,0,0,0,0,0,0,0,0,0,0,0,0,0,0,0,0,0,0,0,0,0,0,0,0,0,0,0,0,0,0,Fed,Kantons
181,RAVNO,RAVNO (181),KANTON 7,893,4,11,1317,0,0,0,0,0,0,0,0,0,0.11,0,0,0,0,0,0,0,0,0,0,14,0,0,0,0.78,0,0,0,76.48,0,0,0.11,0,0,0,0,0,0,0,0,0,0,0,0,0,0,0,0,0,0,0,0,0,0,0,0,8.51,0,0,0,0,0,0,0,0,0,0,0,0,0,0,0,0,0,0,Fed,Kantons
139,NOVO SARAJEVO,NOVO SARAJEVO (139),KANTON 9,34877,710,1370,67727,16.01,11.41,0,1.8,4.32,0.93,6.79,9.85,0,20.95,0,0,2.89,0.78,0,0,0,0,0.34,0.07,0.39,0,0.05,0,0,0,0,13.29,1.89,0,0,1.57,0.32,0,0,0,0,0,0,0,0,0,0,0,0,0,0,0,0,0,0,0,0,0,0,0,0,0,0,0,2.1,0,0,0,0,0.85,0.76,1.67,0.38,0.09,0.14,0.24,0.05,0.03,0.04,Fed,Kantons
078,BANOVIĆI,BANOVIÄ†I (078),KANTON 3,15166,368,434,20625,21.21,11.64,57.02,0.37,0.34,0.42,3.6,2.56,0.15,0.76,0.09,0.55,0.23,0.57,0.28,0.07,0.02,0.04,0.06,0.01,0.01,0,0.01,0.01,0,0,0,0,0,0,0,0,0,0,0,0,0,0,0,0,0,0,0,0,0,0,0,0,0,0,0,0,0,0,0,0,0,0,0,0,0,0,0,0,0,0,0,0,0,0,0,0,0,0,0,Fed,Kantons
096,OLOVO,OLOVO (096),KANTON 4,4764,302,253,8827,47.69,15.87,0.78,0.97,0.63,1.39,13.08,7.33,0,0.78,0.02,7.77,0.19,1.09,0,0.06,0,0.1,0,0.08,0.15,0,0,0,0,0,1.07,0.23,0.69,0.04,0,0,0,0,0,0,0,0,0,0,0,0,0,0,0,0,0,0,0,0,0,0,0,0,0,0,0,0,0,0,0,0,0,0,0,0,0,0,0,0,0,0,0,0,0,Fed,Kantons
113,BUSOVAČA,BUSOVAÄŒA (113),KANTON 6,7330,446,383,13394,27.39,11.26,0.35,0,0.08,0.42,9.59,2.95,0,0,0.14,2.25,0.2,0.71,0,0.08,0,0.14,0,0.07,0.05,0,0.01,0,0,0,0,0,38.19,0,3.57,2.52,0.01,0,0,0,0,0,0,0,0,0,0,0,0,0,0,0,0,0,0,0,0,0,0,0,0,0,0,0,0,0,0,0,0,0,0,0,0,0,0,0,0,0,0,Fed,Kantons
199,GRAD MOSTAR,GRAD MOSTAR (199),KANTON 7,47863,1261,1839,98832,24.01,7.47,0,1.01,0.04,1.39,6.17,6.42,0,2.82,0.07,0,0.14,0,0,0.13,0,0.04,0,0.05,1.96,0,0.01,0,4.94,0,0,0.47,35.9,0,0,1.07,0,0,0,0,0,0,0,0,0,0,0,0.06,0,0,0,0,0,0,0,0,0,0,0,0,4.84,0.11,0.05,0.03,0.76,0.04,0,0,0,0,0,0,0,0,0,0,0,0,0,Fed,Kantons
141,TRNOVO (FBIH),TRNOVO (FBIH) (141),KANTON 9,1695,45,45,2298,62.24,4.66,0,0.77,1.36,0.18,1.65,4.07,0,1.3,0,0,1.18,0.12,0,0,0,0,0.18,0,0.12,0,0,0,0,0,0,19,0.06,0,0,1.24,0.12,0,0,0,0,0,0,0,0,0,0,0,0,0,0,0,0,0,0,0,0,0,0,0,0,0,0,0,0.29,0,0,0,0,1,0.29,0,0.18,0,0,0,0,0,0,Fed,Kantons
